{
"4": {
        "reason": "hmmmm",
        "dateAdded": "30/1/2022 05:02:42"
    },
"100072062062835": {
        "reason": "don't know anymore",
        "dateAdded": "28/2/2022 15:11:25"
    },
 "100048505611574": {
        "reason": "Leak file yeah",
        "dateAdded": "22/3/2022 22:45:15"
    },
 "100071895588770": {
        "reason": "Fuck off",
        "dateAdded": "25/3/2022 18:34:00"
    },
 "100018689287953": {
        "reason": "check",
        "dateAdded": "11/10/2022 18:34:00"
    }
}
