{
"100072727941471": {
        "reason": "Contact for unban https://www.facebook.com/MrTomXxX",
        "dateAdded": "05/12/2021 06:46:20"   
    },
"100009259885163": "",
"100009259885163": {
        "reason": "",
        "dateAdded": "05/12/2021 06:46:20"   
    },
"100025420659432": {
        "reason": "",
        "dateAdded": "05/12/2021 06:46:20"   
    },
"100003354152152": {
        "reason": "",
        "dateAdded": "05/12/2021 06:46:20"   
    },
"100003383066916": {
        "reason": "",
        "dateAdded": "07/14/2022 11:46:20" 
    },
"100083562221980": {
        "reason": "you will die of a thief",
        "dateAdded": "07/14/2022 11:46:20" 
    },
"100084527858898": {
        "reason": "MTX Mentality",
        "dateAdded": "05/12/2021 06:46:20"   
    },
"100083327544352": {
        "reason": "MTX Mentality",
        "dateAdded": "05/12/2023 06:46:20"   
    },
"100074419272115": {
        "reason": "MTX Mentality",
        "dateAdded": "05/02/2023 08:05:00"   
    },
"100084192055069": {
        "reason": "How dare you stole my file",
        "dateAdded": "01/02/2023 09:36:20"   
    },
"100003764047691": {
        "reason": "How dare you stole my file",
        "dateAdded": "01/01/2023 06:46:00"   
    }
}
