{
    "name": "MTX Project",
    "version": "1.2.14",
    "description": "Make Tutorial About Messenger Bot",
    "main": "mirai.js",
    "scripts": {
        "start": "node index",
        "login": "node login",
        "test": "node --trace-warnings --use_strict --async-stack-traces mirai"
    },
    "repository": {
        "type": "git",
        "url": "git+https://github.com/MrT0mXxX/MTX-Project.git"
    },
    "author": "MrTomXxX",
    "license": "GPL-3.0",
    "dependencies": {
        "@miraipr0ject/assets": "^1.0.9",
        "adm-zip": "^0.5.9",
        "aes-js": "^3.1.2",
        "assert": "^2.0.0",
        "authenticator": "^1.1.5",
        "axios": "^1.2.3",
        "better-sqlite3": "^7.4.5",
        "bitly": "^7.1.2",
        "bluebird": "^2.11.0",
        "body-parser": "^1.20.1",
        "caesar-salad": "^2.1.0",
        "canvas": "^2.10.2",
        "chalk": "^4.1.2",
        "chalkercli": "^1.6.4",
        "cheerio": "^1.0.0-rc.12",
        "child_process": "^1.0.2",
        "cors": "^2.8.5",
        "crypto": "^1.0.1",
        "crypto-js": "^4.1.1",
        "deobfuscator": "^2.4.1",
        "dropbox-v2-api": "^2.5.8",
        "emoji-unicode": "^2.0.1",
        "eval": "^0.1.8",
        "express": "^4.18.2",
        "extract-zip": "^2.0.1",
        "fb-tools": "^2.1.0",
        "fca-disme": "0.0.1-security",
        "fca-unofficial": "^1.3.10",
        "figlet": "^1.5.2",
        "file-url": "^3.0.0",
        "form-data": "^4.0.0",
        "fs": "0.0.1-security",
        "fs-extra": "^11.1.0",
        "gifencoder": "^2.0.1",
        "got": "^11.8.6",
        "helmet": "^6.0.1",
        "https-proxy-agent": "^4.0.0",
        "image-downloader": "^4.3.0",
        "imgur": "^2.2.0",
        "is-hexcolor": "^1.0.0",
        "javascript-obfuscator": "^4.0.0",
        "jimp": "^0.16.2",
        "jsdom": "^20.0.3",
        "lodash": "^4.17.21",
        "lyrics-finder": "^21.7.0",
        "minimist": "^1.2.7",
        "moment": "^2.29.4",
        "moment-timezone": "^0.5.39",
        "mqtt": "^4.2.8",
        "ms": "^2.1.3",
        "node-fetch": "^2.6.9",
        "node-notifier": "^10.0.1",
        "node-superfetch": "^0.2.3",
        "npmlog": "^1.2.0",
        "openai": "^3.2.1",
        "os": "^0.1.2",
        "pastebin-api": "^5.1.5",
        "path": "^0.12.7",
        "phantomjs-prebuilt": "^2.1.16",
        "pidusage": "^3.0.2",
        "ping-monitor": "^0.6.2",
        "pretty-ms": "^7.0.1",
        "qrcode": "^1.5.1",
        "readline": "^1.3.0",
        "request": "^2.88.2",
        "semver": "^7.3.8",
        "sequelize": "^6.26.0",
        "shiron": "^1.3.22",
        "shuffle-array": "^1.0.1",
        "simple-youtube-api": "^5.2.1",
        "sqlite": "^4.0.21",
        "sqlite3": "^5.1.4",
        "srod-v2": "^1.0.2",
        "string-similarity": "^4.0.4",
        "systeminformation": "^5.16.9",
        "tinyurl": "^1.1.7",
        "to-zalgo": "^1.0.1",
        "tools-fb": "^1.0.7",
        "totp-generator": "0.0.14",
        "tough-cookie": "^4.1.2",
        "tslib": "^2.4.1",
        "turl": "^1.1.2",
        "unshorten.it": "^1.0.0",
        "url": "^0.11.0",
        "uuid-apikey": "^1.5.3",
        "websocket-stream": "^5.5.0",
        "youtube-search-api": "^1.1.1",
        "ytdl-core": "^4.11.2"
    }
}
